step,a_h,b_h,m_h,f_m_mg_l,width_h
0,0.0,48.0,NaN,NaN,48.0
1,0.0,48.0,24.0,-1.4535255510541485,48.0
2,0.0,24.0,12.0,1.3059777644317312,24.0
3,12.0,24.0,18.0,-0.6558897452050043,12.0
4,12.0,18.0,15.0,0.10798449123728648,6.0
5,15.0,18.0,16.5,-0.3167401948537929,3.0
6,15.0,16.5,15.75,-0.11631065088446624,1.5
7,15.0,15.75,15.375,-0.00731639886197577,0.75
8,15.0,15.375,15.1875,0.049523390240234555,0.375
9,15.1875,15.375,15.28125,0.02090367159855555,0.1875
10,15.28125,15.375,15.328125,0.00674403098005083,0.09375
11,15.328125,15.375,15.3515625,-0.0002985417279002256,0.046875
12,15.328125,15.3515625,15.33984375,0.003219649746287967,0.0234375
13,15.33984375,15.3515625,15.345703125,0.00145978096912458,0.01171875
14,15.345703125,15.3515625,15.3486328125,0.0005804264455147035,0.005859375
15,15.3486328125,15.3515625,15.35009765625,0.00014089407564332745,0.0029296875
16,15.35009765625,15.3515625,15.350830078125,-7.883589559298798e-5,0.00146484375
17,15.35009765625,15.350830078125,15.3504638671875,3.102607249383382e-5,0.000732421875
18,15.3504638671875,15.350830078125,15.35064697265625,-2.3905665912149487e-5,0.0003662109375
19,15.3504638671875,15.35064697265625,15.350555419921875,3.5600146972569746e-6,0.00018310546875
20,15.350555419921875,15.35064697265625,15.350601196289062,-1.0172872755287443e-5,9.1552734375e-5
21,15.350555419921875,15.350601196289062,15.350578308105469,-3.3064408153649083e-6,4.57763671875e-5
22,15.350555419921875,15.350578308105469,15.350566864013672,1.267839939700366e-7,2.288818359375e-5
23,15.350566864013672,15.350578308105469,15.35057258605957,-1.589829147441435e-6,1.1444091796875e-5
24,15.350566864013672,15.35057258605957,15.350569725036621,-7.315227614768105e-7,5.7220458984375e-6
25,15.350566864013672,15.350569725036621,15.350568294525146,-3.023694297166202e-7,2.86102294921875e-6
26,15.350566864013672,15.350568294525146,15.35056757926941,-8.779272886449974e-8,1.430511474609375e-6
27,15.350566864013672,15.35056757926941,15.35056722164154,1.949562955516626e-8,7.152557373046875e-7
